{"cameraMode":{"drawMode":0,"name":"Shaded","section":"Shading Mode"},"sceneLighting":true,"audioPlay":false,"sceneViewState":{"showFog":true,"showMaterialUpdate":false,"showSkybox":true,"showFlares":true,"showImageEffects":true,"showParticleSystems":true},"in2DMode":false,"pivot":{"x":1.3014283180236817,"y":0.9615802764892578,"z":-0.6368322372436523},"rotation":{"x":-0.018262727186083795,"y":0.9770739674568176,"z":-0.19025224447250367,"w":-0.0937921330332756},"size":5.857884883880615,"orthographic":false}